{"cameraMode":{"drawMode":0,"name":"Shaded","section":"Shading Mode"},"sceneLighting":false,"audioPlay":false,"sceneViewState":{"m_AlwaysRefresh":false,"showFog":true,"showSkybox":false,"showFlares":true,"showImageEffects":true,"showParticleSystems":true,"showVisualEffectGraphs":true,"m_FxEnabled":true},"in2DMode":false,"pivot":{"x":0.8500000238418579,"y":0.7999999523162842,"z":5.090000152587891},"rotation":{"x":0.24341444671154023,"y":-0.17775750160217286,"z":0.045409269630908969,"w":0.9524440169334412},"size":0.907874584197998,"orthographic":false}